SampleId;Types station;Site;SampleDate;RefAlt;Annee;Jour julien;lattitude;longitude;Erosion;POURriveNaturelle;Niveau_H;Niveau_P;Niveau_E;Niveau_A;Niveau_moins_01;Niveau_moins_07;Niveau_moins_14;IndiceNAOPCannuel;IndiceNAOPChivernal;IndiceAPChivernal ;Régions_biogéographiques ;Plantes_riveraines ;Invertébrés_Benthiques ;Amplitude_saisonnière_moyenne ;Alcalinité_tot ;C_org_diss;C_org_tot;Chlorophylle ;Couleur_apparente ;Mat_Susp_Tot;Nitrites_nitrates ;P_total ;P_total_diss;O_Phosphates_diss ;Turbidité ;Conductivité ;Oxygène_dissout ;pH;Température_de_leau_en_surface ;Classe_CABIN;Phi_moyen;POURsable;POURlimon;POURargille;C_ORG ;As ;Cr  ;Cu ;Hg.tot ;Ni ;Pb ;Zn  ;Facies;Fl;Cho;Chs;Chi;Li;Del;Sd;Sf;Sl;SlNaP;Ap;Non_classé;Eau_libre;Eau_peu_profonde;Sol_nu;Bas_marais;Haut_marais;Marécage_arbustif;Marécage_arboré;Agriculture_et_pâturage;Forêt;Zone_bâtie;NumP;Diversité_habitat;Émergentes;Flottantes;Submergées;Veg_Dom;ACOCA;BIDBE;BOLFL;BUTUM;ELOCA;LYTSA;MYRGA;MYRSP;PHRAU;SAGLA;SAGRI;SALEX;SCHPU;SCILA;TYPAN;TYPLA;VALAM;ZIZAQ;ZIZPA
16174;R;LSP011;2004-09-23;3,7;2004;267;46,10388889;-72,98444444;1;100;1,41;1,23;0,86;0,68;-0,04;-0,2;-0,32;0,14;-0,1;0,24;4;3;5;35,3;86,4;3,38;3,54;2,97;52;7,6;0,025;0,019;0,005;0,008;4;301,9;7,57;7,2;19,06;3;2,6;91,2;4,8;4;0,16;2;48;5;0,01;17,5;15,4;51;11;0;0;0;0;0;0;0;0;0;0;1;0;0,826;0,0017;0;0,1025;0,0506;0,019;0,0001;0;0;0;389;0,6295;69;0;0;14;0;0;0;0;0;0;0;0;0;0;0;0;0;1;0;0;0;0;0
13384;R;LSP012;2004-09-23;3,7;2004;267;46,12555556;-72,9375;0;0;1,41;1,23;0,86;0,68;-0,04;-0,2;-0,32;0,14;-0,1;0,24;4;3;7;35,3;95,7;6,05;6,69;6,29;78;3,4;0,09;0,04;0,028;0,013;3,4;313,8;7,49;6,8;17,09;3;3,5;83,2;5,8;11;1,17;2;40;5;0,01;17,5;15,3;50;8;0;0;0;0;0;0;0;1;0;0;0;0;0,6643;0,0096;0;0,2225;0,0511;0,04;0,0126;0;0;0;829;0,9864;68;3;14;13;0;0;0;0;0;0;0;0;0;0;0;0;1;0;0;0;0;0;0
13386;R;LSP014;2004-09-22;3,7;2004;266;46,13416667;-72,87111111;0;100;1,41;1,23;0,86;0,68;-0,06;-0,23;-0,25;0,14;-0,1;0,24;4;3;7;35,3;60,1;7,04;7,37;4,66;123;6,8;0,22;0,025;0,011;0,009;6,2;196,9;5,57;6,6;16,84;3;3,2;88,7;4,3;7;0,14;3;62;7;0,01;31;14,7;61;7;0;0;0;0;0;0;1;0;0;0;0;0,0001;0,6151;0,0023;0;0,1913;0,0309;0,0242;0,1152;0,0186;0,0001;0,0022;1297;1,1653;74,5;0;0;13;0;0;0;0;0;0;0;0;0;0;0;0;1;0;0;0;0;0;0
13381;T ;LSP028;2004-09-20;3,7;2004;264;46,25733;-72,81557;0;100;1,41;1,23;0,86;0,68;-0,06;-0,26;-0,09;0,14;-0,1;0,24;4;3;6;35,3;29,6;5,57;5,77;8,74;1632;316;0,77;0,8;0,015;0,2;195;154,9;9,45;6,5;14,3;3;4,4;46,98;44,09;8,93;0,45;2;36;12;0,01;19,2;16,6;89;1;1;0;0;0;0;0;0;0;0;0;0;0;0,4602;0;0,0042;0,411;0,0622;0,0293;0,0331;0;0;0;2112;1,1343;106,5;0;0;3;0;0;1;0;0;0;0;0;0;0;0;0;0;1;1;0;0;0;0
13380;T ;LSP031;2004-09-21;3,7;2004;265;46,21757;-72,91938;0;100;1,41;1,23;0,86;0,68;-0,06;-0,24;-0,17;0,14;-0,1;0,24;4;3;6;35,3;11,2;6,02;6,26;1,63;163;9,3;0,14;0,028;0,01;0,001;10;49,4;6,21;6,3;14,55;3;5;50,67;28,29;21,04;1,56;2;42;16;0,03;23;20,4;103;8;0;0;0;0;0;0;0;1;0;0;0;0,0061;0,1407;0;0,0244;0,0376;0,0321;0,0237;0,0123;0,6914;0,0291;0,0026;2117;1,4521;108,5;0;0,5;15;0;0;0;0;0;0;0;0;0;0;0;0;0;0;1;0;0;0;0
13378;R;LSP033;2004-09-21;3,7;2004;265;46,16111111;-72,99972222;0;100;1,41;1,23;0,86;0,68;-0,06;-0,24;-0,17;0,14;-0,1;0,24;4;3;6;35,3;43,9;6,44;6,79;6,76;195;12,6;0,29;0,06;0,024;0,018;15,1;165,9;5,07;6,7;17,36;2;5,3;33,4;53,6;13;3,29;4;75;41;0,102;41,3;30,8;137;8;0;0;0;0;0;0;0;1;0;0;0;0;0,3718;0;0,0068;0,2689;0,1483;0,0633;0,1408;0;0;0;4062;1,4889;115,5;3;18,5;14;0;0;0;0;0;0;0;0;0;0;0;0;0;1;0;0;0;0;0
13385;T ;LSP034;2004-09-22;3,7;2004;266;46,13;-72,92028;1;100;1,41;1,23;0,86;0,68;-0,06;-0,23;-0,25;0,14;-0,1;0,24;4;3;7;35,3;60,2;7,03;7,54;5,24;155;7,6;0,22;0,029;0,01;0,01;10,4;199;6,15;7,3;17,47;3;2,9;93,51;3,49;3,01;3,2;3;55;5;0,01;25,9;14;57;8;0;0;0;0;0;0;0;1;0;0;0;0,0005;0,1445;0;0,0347;0,2337;0,1895;0,1504;0,228;0,0186;0,0001;0;2391;1,4624;100,5;0;0;3;0;0;1;0;0;0;0;0;0;0;0;0;0;0;0;0;0;0;0
13377;T ;LSP035;2004-09-21;3,7;2004;265;46,14528;-73,03694;0;100;1,41;1,23;0,86;0,68;-0,06;-0,24;-0,17;0,14;-0,1;0,24;4;3;5;35,3;46,3;6,27;6,71;14,33;210;12,9;0,23;0,055;0,022;0,017;17,4;172,9;7,03;7,6;18,45;2;6,1;24,27;54,81;20,92;2,82;5;86;56;0,219;43,9;59,5;179;8;0;0;0;0;0;0;0;1;0;0;0;0;0,2432;0;0,0081;0,1054;0,2135;0,0511;0,3787;0;0;0;2079;1,4363;107;3;4;5;0;0;0;0;1;0;0;0;0;0;0;0;0;0;0;0;0;0;0
13379;R;LSP036;2004-09-21;3,7;2004;265;46,21833333;-72,93083333;0;100;1,41;1,23;0,86;0,68;-0,06;-0,24;-0,17;0,14;-0,1;0,24;4;3;6;35,3;70,9;8,24;8,64;9,21;78;2,5;0,025;0,025;0,013;0,009;1,9;300,2;1,93;6,4;15,85;3;2,8;87,6;6,4;6;0,93;2;34;6;0,01;16,9;19,1;60;9;0;0;0;0;0;0;0;0;1;0;0;0,0002;0,3109;0;0,0411;0,2772;0,0758;0,0552;0,1246;0,0977;0,0088;0,0084;3877;1,7758;131,5;0,5;0;13;0;0;0;0;0;0;0;0;0;0;0;0;1;0;0;0;0;0;0
13382;T ;LSP062;2004-09-22;3,7;2004;266;46,08667;-72,98944;1;100;1,41;1,23;0,86;0,68;-0,06;-0,23;-0,25;0,14;-0,1;0,24;4;3;5;35,3;76,8;4,55;4,91;11,54;78;8,1;0,025;0,049;0,018;0,015;5,3;267,6;6,5;7,06;19,64;1;5,5;27,71;59,41;12,87;3,62;5;108;53;0,11;55,4;38,1;148;8;0;0;0;0;0;0;0;1;0;0;0;0,0061;0,1407;0;0,0244;0,0376;0,0321;0,0237;0,0123;0,6914;0,0291;0,0026;2117;1,4521;109,5;0;3,5;10;0;0;0;0;0;0;0;0;0;1;0;0;0;0;0;0;0;0;0
13306;R;LSP011;2005-09-22;3,7;2005;265;46,10388889;-72,98444444;1;100;0,84;1,23;0,33;0,68;-0,08;0,09;0,17;-0,69;0,45;0,07;4;3;5;34,1;85,93;2,75;2,77;4,2;70,36;45,8;0,13;0,039;0,014;0,005;14,6;296,5;9;8;18,3;3;2,39;90,04;6,97;2,99;0,01;2;68;9;0,01;18,8;13,8;61;11;0;0;0;0;0;0;0;0;0;0;1;0;0,826;0,0017;0;0,1025;0,0506;0,019;0,0001;0;0;0;389;0,6295;30;0;0;14;0;0;0;0;0;0;0;0;0;0;0;0;0;1;0;0;0;0;0
13322;R;LSP012;2005-09-28;3,7;2005;271;46,12555556;-72,9375;0;0;0,84;1,23;0,33;0,68;0,05;0,06;0,08;-0,69;0,45;0,07;4;3;7;34,1;87,7;6,45;6,69;3,01;123,47;17,2;0,04;0,127;0,032;0,023;13,7;286,3;8,8;8,6;19,8;3;2,66;89,52;7,49;2,99;0,14;2;40;6;0,021;13,2;14,6;38;8;0;0;0;0;0;0;0;1;0;0;0;0;0,6643;0,0096;0;0,2225;0,0511;0,04;0,0126;0;0;0;829;0,9864;26;0;24,5;17;0;0;0;0;0;0;0;0;0;0;0;0;0;0;0;0;1;0;0
13342;R;LSP014;2005-10-04;3,7;2005;277;46,13416667;-72,87111111;0;100;0,84;1,23;0,33;0,68;0,01;0,01;0;-0,69;0,45;0,07;4;3;7;34,1;71,1;8,81;9,34;9,23;265,58;5,9;0,1;0,075;0,032;0,023;8,5;247,5;8,9;7,8;18,7;3;2,58;92,79;5,21;2;0,2;4;44;8;0,01;31,4;13,2;49;7;0;0;0;0;0;0;1;0;0;0;0;0,0001;0,6212;0,0023;0;0,1903;0,0308;0,0239;0,1121;0,0172;0,0001;0,002;1281;1,1513;88,5;0;0;13;0;0;0;0;0;0;0;0;0;0;0;0;1;0;0;0;0;0;0
13324;T ;LSP028;2005-10-03;3,7;2005;276;46,25707;-72,81492;0;100;0,84;1,23;0,33;0,68;0,02;0,02;-0,02;-0,69;0,45;0,07;4;3;6;34,1;29,6;6,61;6,99;1,82;695,05;75,3;1,5;0,125;0,026;0,026;75,5;150,5;8,6;7,8;21,1;3;4,31;58,76;32,27;8,96;2,3;2;40;13;0,01;17,7;15,2;82;8;0;0;0;0;0;0;0;1;0;0;0;0,0032;0,4401;0;0,0051;0,0635;0,0386;0,0552;0,0795;0,2899;0,0246;0,0002;1177;0,9539;100;0,5;0;5;0;0;0;0;1;0;0;0;0;0;0;0;0;0;0;0;0;0;0
13309;T ;LSP031;2005-09-27;3,7;2005;270;46,21748;-72,91773;0;100;0,84;1,23;0,33;0,68;0,18;-0,02;0,04;-0,69;0,45;0,07;4;3;6;34,1;47,3;3,28;7,91;11,54;6109,97;672,1;3,02;1,209;0,063;0,059;911;182,8;10,1;7,8;13,2;2;5,29;35,39;46,72;17,89;3,53;2;40;19;0,02;23,2;18,7;97;9;0;0;0;0;0;0;0;0;1;0;0;0,0015;0,1001;0;0;0,0762;0,1023;0,0957;0,2163;0,1966;0,1852;0,0261;1292;1,167;116;3;0;13;0;0;0;0;0;0;0;0;0;0;0;0;1;0;0;0;0;0;0
13298;T ;LSP037;2005-09-19;3,7;2005;262;46,15167;-73,015;1;100;0,84;1,23;0,33;0,68;0,05;0,35;0,31;-0,69;0,45;0,07;4;3;6;34,1;52,36;4,58;4,83;6,36;59,92;7,1;0,09;0,085;0,055;0,042;5,8;221,3;8,4;7,8;22,8;2;5,9;24,71;51,76;23,53;0,25;5;98;49;0,16;50,4;37,6;204;9;0;0;0;0;0;0;0;0;1;0;0;0;0,5309;0;0;0,0856;0,0541;0,0922;0,2371;0;0;0;1323;1,2214;138;1;0;13;0;0;0;0;0;0;0;0;0;0;0;0;1;0;0;0;0;0;0
13299;R;LSP038;2005-09-20;3,7;2005;263;46,13805556;-73,055;0;100;0,84;1,23;0,33;0,68;0,03;0,32;0,32;-0,69;0,45;0,07;4;3;5;34,1;59,6;18,45;20,83;1,28;145;5,5;0,02;0,139;0,078;0,062;14,4;129;9,5;6,9;16,1;3;5,28;31,45;54,26;14,29;5,74;5;65;34;0,208;32,4;37,5;106;8;0;0;0;0;0;0;0;1;0;0;0;0,0006;0,2598;0;0,0259;0,2613;0,1093;0,1777;0,161;0,0044;0;0;6110;1,6671;141;21,5;0;7;0;0;0;0;0;0;1;0;0;0;0;0;0;0;0;0;0;0;0
13301;R;LSP039;2005-09-20;3,7;2005;263;46,15694444;-73,00694444;1;100;0,84;1,23;0,33;0,68;0,03;0,32;0,32;-0,69;0,45;0,07;4;3;6;34,1;48,47;5,48;5,75;3,92;101,07;18,4;0,26;0,137;0,063;0,054;15,5;209,6;9,1;7,6;18,2;2;4,77;30,42;62,62;6,96;1,4;3;65;28;0,135;29,6;24,1;111;8;0;0;0;0;0;0;0;1;0;0;0;0;0,3498;0;0,0053;0,2315;0,1575;0,0785;0,1775;0;0;0;5145;1,5315;80;0;0;19;0;0;0;0;0;0;0;0;0;0;0;0;0;0;0;0;0;0;1
13302;R;LSP040;2005-09-20;3,7;2005;263;46,1575;-72,99111111;0;0;0,84;1,23;0,33;0,68;0,03;0,06;0,08;-0,69;0,45;0,07;4;3;5;34,1;59,8;5,3;5,64;2,54;39;1,5;0,02;0,034;0,023;0,013;1,1;256,2;8,8;7,6;19,7;1;4,41;52,12;41,89;5,99;0,32;1,1;18;12;0,05;14;6,8;62;8;0;0;0;0;0;0;0;1;0;0;0;0;0,4526;0;0,0012;0,4284;0,0574;0,0266;0,0338;0;0;0;2179;1,1047;94;8;0;14;0;0;0;0;0;0;0;0;0;0;0;0;0;1;0;0;0;0;0
13307;R;LSP041;2005-09-21;3,7;2005;264;46,17027778;-72,97222222;0;0;0,84;1,23;0,33;0,68;-0,03;0,23;0,27;-0,69;0,45;0,07;4;3;6;34,1;65,17;4,07;4,02;3,73;117,07;9,3;0,26;0,092;0,018;0,013;9,8;245,4;8,7;8,5;20,5;3;2,82;85,42;10,6;3,98;0,31;2;56;15;0,029;20,7;17,5;79;8;0;0;0;0;0;0;0;1;0;0;0;0;0,9168;0;0,0004;0,0829;0;0;0;0;0;0;398;0,2888;88;0;96;17;0;0;0;0;0;0;0;0;0;0;0;0;0;0;0;0;1;0;0
13303;R;LSP042;2005-09-21;3,7;2005;264;46,1825;-72,96916667;0;100;0,84;1,23;0,33;0,68;-0,03;0,23;0,27;-0,69;0,45;0,07;4;3;6;34,1;43,57;4,32;4,42;5,66;149,06;18,6;0,11;0,074;0,018;0,013;16,8;204,2;8,9;7,7;19,2;3;4,27;53,24;38,81;7,95;0,69;2;51;13;0,067;23;16,3;62;8;0;0;0;0;0;0;0;1;0;0;0;0;0,4209;0;0,001;0,4312;0,0856;0,0477;0,0135;0;0;0;1926;1,1476;100;8;0;14;0;0;0;0;0;0;0;0;0;0;0;0;0;1;0;0;0;0;0
13304;R;LSP043;2005-09-21;3,7;2005;264;46,12527778;-72,97583333;0;100;0,84;1,23;0,33;0,68;-0,03;0,23;0,27;-0,69;0,45;0,07;4;3;7;34,1;68,97;3,61;3,79;4,55;91,22;15,9;0,23;0,053;0,024;0,012;11,5;253,2;8,8;8,8;20,3;3;2,39;97,02;0;2,98;0,14;2;29;4;0,015;12;15,2;34;11;0;0;0;0;0;0;0;0;0;0;1;0;0,7596;0,0026;0,003;0,153;0,0349;0,0474;0,0023;0;0;0;573;0,7894;88;0;0;9;0;0;0;0;0;0;0;0;1;0;0;0;0;0;0;0;0;0;0
13305;R;LSP044;2005-09-22;3,7;2005;265;46,08138889;-73,00666667;1;100;0,84;1,23;0,33;0,68;-0,08;0,09;0,17;-0,69;0,45;0,07;4;3;5;34,1;77,42;16,02;17,94;16,01;254,42;40,5;0,02;0,429;0,171;0,132;18,4;162,2;9,8;7,4;14,7;2;6,35;12,33;69,78;17,89;2,31;5;85;32;0,128;40,4;29,6;114;11;0;0;0;0;0;0;0;0;0;0;1;0;0,5389;0,0013;0;0,1624;0,2323;0,0632;0,0019;0;0;0;901;1,1624;106,5;88,5;0;16;0;0;0;0;0;0;0;0;0;0;0;0;0;0;0;1;0;0;0
13308;R;LSP045;2005-09-26;3,7;2005;269;46,26083333;-72,63444444;1;100;0,84;1,23;0,33;0,68;-0,02;-0,25;-0,13;-0,69;0,45;0,07;4;3;7;34,1;62,6;4,39;4,42;3,68;38,46;1,5;0,02;0,026;0,019;0,012;2,1;386;9,2;8;17,7;2;5;32,47;57,57;9,96;1,22;4;49;17;0,037;26;16,2;80;9;0;0;0;0;0;0;0;0;1;0;0;0,0005;0,4782;0;0;0,1218;0,0436;0,0607;0,0983;0,1828;0,0107;0,0034;1778;1,5264;94;0;14,5;11;0;0;0;0;0;0;0;0;0;0;1;0;0;0;0;0;0;0;0
13310;R;LSP046;2005-09-27;3,7;2005;270;46,21;-72,93833333;0;100;0,84;1,23;0,33;0,68;0,18;-0,02;0,04;-0,69;0,45;0,07;4;3;6;34,1;53,2;4,36;4,46;2,38;64,4;14,7;0,02;0,026;0,013;0,01;7,4;198,8;10;7,8;15,4;3;2,58;97,41;0;2,99;0,18;2;29;4;0,01;12,2;17,2;42;9;0;0;0;0;0;0;0;0;1;0;0;0;0,5374;0;0,0013;0,354;0,0293;0,0336;0,0445;0;0;0;2045;1,0656;96,5;0;4;13;0;0;0;0;0;0;0;0;0;0;0;0;1;0;0;0;0;0;0
13311;R;LSP047;2005-09-27;3,7;2005;270;46,19638889;-72,96388889;0;100;0,84;1,23;0,33;0,68;0,18;-0,02;0,04;-0,69;0,45;0,07;4;3;6;34,1;49,3;4,77;5;4,94;60,41;25,4;0,02;0,069;0,02;0,012;5,4;196,7;9,4;7,8;16,3;3;3,04;76,14;17,89;5,96;0,65;3;44;10;0,049;20;16,7;65;9;0;0;0;0;0;0;0;0;1;0;0;0;0,0632;0;0;0,9317;0,0004;0,0046;0,0002;0;0;0;1416;0,27;144;0;0;3;0;0;1;0;0;0;0;0;0;0;0;0;0;0;0;0;0;0;0
13312;R;LSP048;2005-09-27;3,7;2005;270;46,13027778;-73,05111111;1;100;0,84;1,23;0,33;0,68;0,18;-0,02;0,04;-0,69;0,45;0,07;4;3;5;34,1;8,5;14,61;14,57;2,66;183,99;18,1;0,02;0,069;0,035;0,023;9,1;181,5;8,9;7,1;18,7;2;4,89;36,02;51,55;12,42;9,66;6;87;45;0,195;39,7;40,6;166;8;0;0;0;0;0;0;0;1;0;0;0;0,0014;0,2442;0;0,0094;0,1907;0,1325;0,1044;0,3012;0,0161;0,0001;0;6145;1,6463;150;0;0;1;1;0;0;0;0;0;0;0;0;0;0;0;0;0;0;0;0;0;0
13313;R;LSP049;2005-09-27;3,7;2005;270;46,13722222;-72,99472222;0;0;0,84;1,23;0,33;0,68;0,18;-0,02;0,04;-0,69;0,45;0,07;4;3;6;34,1;56,5;3,78;3,84;2,05;68,39;3,3;0,05;0,025;0,013;0,011;4,7;253,2;9;7,7;18,5;3;3,01;86,58;8,44;4,98;0,33;3;50;12;0,043;19,3;18,8;75;7;0;0;0;0;0;0;1;0;0;0;0;0;0,3591;0;0,0016;0,5223;0,0263;0,0561;0,0345;0;0;0;2669;1,091;67;18;15;15;0;0;0;0;0;0;0;0;0;0;0;0;0;0;1;0;0;0;0
13314;R;LSP050;2005-09-28;3,7;2005;271;46,18055556;-72,97388889;0;100;0,84;1,23;0,33;0,68;0,05;0,06;0,08;-0,69;0,45;0,07;4;3;6;34,1;23,3;3,36;3,53;1,47;105,52;7,7;0,02;0,038;0,013;0,011;10;221,3;9,8;7,5;14,5;2;4,63;35,98;55,07;8,95;0,55;3;54;23;0,083;24,5;26,5;102;8;0;0;0;0;0;0;0;1;0;0;0;0;0,4261;0;0,0015;0,3695;0,134;0,0513;0,0177;0;0;0;2208;1,2342;95,5;0;0;9;0;0;0;0;0;0;0;0;1;0;0;0;0;0;0;0;0;0;0
13316;R;LSP051;2005-09-28;3,7;2005;271;46,10083333;-73,00888889;0;100;0,84;1,23;0,33;0,68;0,05;0,06;0,08;-0,69;0,45;0,07;4;3;6;34,1;57;4,15;3,97;1,68;90;1,5;0,02;0,082;0,012;0,005;14,2;255,5;9,5;7,6;16,4;0;3;77,71;18,3;3,99;2,71;3;48;17;0,074;22,5;19;89;0;0;0;0;0;0;0;0;1;0;0;0;0;0,3202;0,0054;0;0,3097;0,1734;0,0871;0,1041;0;0;0;2081;1,5078;180;0;0;1;1;0;0;0;0;0;0;0;0;0;0;0;0;0;0;0;0;0;0
13317;R;LSP052;2005-09-28;3,7;2005;271;46,10972222;-72,99861111;0;100;0,84;1,23;0,33;0,68;0,05;0,06;0,08;-0,69;0,45;0,07;4;3;5;34,1;64,7;3,97;3,93;4,57;51,1;13,4;0,09;0,03;0,01;0,005;4,6;244,9;9,2;7,8;17,5;3;2,94;79,14;16,71;4,15;0,96;3;58;12;0,033;18,8;16,4;65;8;0;0;0;0;0;0;0;1;0;0;0;0;0,6297;0,0033;0;0,1951;0,1174;0,0456;0,009;0;0;0;1045;1,0635;128;6;0,5;14;0;0;0;0;0;0;0;0;0;0;0;0;0;1;0;0;0;0;0
13318;R;LSP053;2005-09-28;3,7;2005;271;46,09916667;-73,02138889;0;99;0,84;1,23;0,33;0,68;0,05;0,06;0,08;-0,69;0,45;0,07;4;3;5;34,1;33,7;22,16;21,78;3,12;255,19;10,7;0,02;0,064;0,038;0,024;11,3;189,2;9,4;7,3;16,6;3;2,92;74,21;19,82;5,98;3,66;4;52;19;0,041;31,1;20,1;115;8;0;0;0;0;0;0;0;1;0;0;0;0;0,138;0,0072;0;0,4143;0,115;0,0565;0,269;0;0;0;2929;1,4382;171,5;8,5;0;14;0;0;0;0;0;0;0;0;0;0;0;0;0;1;0;0;0;0;0
13319;R;LSP054;2005-09-28;3,7;2005;271;46,125;-72,9975;0;100;0,84;1,23;0,33;0,68;0,05;0,06;0,08;-0,69;0,45;0,07;4;3;5;34,1;62,8;4,01;4,03;2,17;90,99;6,8;0,19;0,033;0,018;0,016;7,8;236,8;8,8;7,5;19,9;3;4,1;48,9;42,12;8,98;2,66;5;79;57;0,101;37,3;26,6;170;7;0;0;0;0;0;0;1;0;0;0;0;0;0,3518;0,0045;0,0051;0,2301;0,1943;0,0938;0,1204;0;0;0;3939;1,5522;114,5;0,5;0;10;0;0;0;0;0;0;0;0;0;1;0;0;0;0;0;0;0;0;0
13320;T ;LSP055;2005-09-28;3,7;2005;271;46,12111;-72,98778;0;100;0,84;1,23;0,33;0,68;0,05;0,06;0,08;-0,69;0,45;0,07;4;3;5;34,1;31,8;4,08;4,1;2,31;68,05;5,1;0,02;0,03;0,014;0,011;3,9;354,6;8,8;7,4;19,5;3;3,76;62,81;29,8;7,39;0,07;5;65;42;0,29;31,8;35,4;165;10;0;0;0;0;0;0;0;0;0;1;0;0,0005;0,5024;0;0,0437;0,0018;0,0053;0,0012;0,0438;0,2512;0,0563;0,094;831;0,5924;3,5;42;79;0;0;0;0;0;0;0;0;0;0;0;0;0;0;0;0;0;0;0;0
13321;T ;LSP056;2005-10-03;3,7;2005;276;46,28917;-72,72944;0;100;0,84;1,23;0,33;0,68;0,02;0,02;-0,02;-0,69;0,45;0,07;4;3;6;34,1;28,4;9,25;9,27;2,52;60,39;8,1;0,02;0,113;0,016;0,005;2,9;250,5;8,5;8,4;21,4;2;4,15;44,11;49,9;5,99;0,35;2;37;11;0,01;17;17,4;85;10;0;0;0;0;0;0;0;0;0;1;0;0,0012;0,4423;0;0,0065;0,043;0,0386;0,0034;0,0296;0,3173;0,0668;0,0511;3720;1,9523;118;0,5;0;13;0;0;0;0;0;0;0;0;0;0;0;0;1;0;0;0;0;0;0
13323;R;LSP057;2005-10-03;3,7;2005;276;46,28555556;-72,74;0;100;0,84;1,23;0,33;0,68;0,02;0,02;-0,02;-0,69;0,45;0,07;4;3;6;34,1;82,2;12,16;12,12;5,79;243,06;21,4;0,02;0,056;0,026;0,016;28,3;270;8,9;8,1;19,3;3;3,99;53,75;37,29;8,96;0,2;2;36;9;0,01;14,7;14,8;72;10;0;0;0;0;0;0;0;0;0;1;0;0,0011;0,4607;0;0,0057;0,0911;0,1232;0,0123;0,074;0,1798;0,0374;0,0148;1785;1,6105;132,5;0,5;0;13;0;0;0;0;0;0;0;0;0;0;0;0;1;0;0;0;0;0;0
13325;R;LSP058;2005-10-03;3,7;2005;276;46,25861111;-72,82;0;100;0,84;1,23;0,33;0,68;0,02;0,02;-0,02;-0,69;0,45;0,07;4;3;6;34,1;54,2;6,68;7,12;0,63;586,6;64,9;0,63;0,3;0,033;0,027;74;265,7;8;8,9;25,2;3;2,96;89,07;6,96;3,98;0,07;1;36;10;0,01;14;13,5;75;9;0;0;0;0;0;0;0;0;1;0;0;0;0,6352;0;0,0221;0,1553;0,0726;0,0187;0,0958;0,0002;0;0;1593;1,1531;105,5;0;0;13;0;0;0;0;0;0;0;0;0;0;0;0;1;0;0;0;0;0;0
13326;R;LSP059;2005-10-03;3,7;2005;276;46,25555556;-72,83833333;0;100;0,84;1,23;0,33;0,68;0,02;0,02;-0,02;-0,69;0,45;0,07;4;3;6;34,1;21,4;6,94;6,98;2,51;146,04;16,5;0,02;0,054;0,023;0,022;24,4;95,7;9,1;7,9;18,1;3;3,65;71,75;23,27;4,98;0,39;2;32;9;0,018;14,6;15,4;68;9;0;0;0;0;0;0;0;0;1;0;0;0;0,6433;0;0,0241;0,2873;0,0303;0,0015;0,0134;0;0;0;1023;0,9056;63;0;38;14;0;0;0;0;0;0;0;0;0;0;0;0;0;1;0;0;0;0;0
13327;T ;LSP060;2005-10-04;3,7;2005;277;46,06528;-72,94722;1;100;0,84;1,23;0,33;0,68;0,01;0,01;0;-0,69;0,45;0,07;4;3;5;34,1;149,4;8,72;9,07;4,75;590;43;3,26;0,15;0,074;0,067;53,6;457,8;9,5;7,8;16;2;2,99;83,37;11,63;5;0,45;2;38;8;0,01;14,7;13,4;50;10;0;0;0;0;0;0;0;0;0;1;0;0;0,7203;0;0,023;0,0883;0,0496;0,0183;0,1005;0;0;0;1266;0,991;18;0;0;3;0;0;1;0;0;0;0;0;0;0;0;0;0;0;0;0;0;0;0
13341;T ;LSP061;2005-10-04;3,7;2005;277;46,12083;-72,93167;1;0;0,84;1,23;0,33;0,68;0,01;0,01;0;-0,69;0,45;0,07;4;3;7;34,1;125,6;7,25;6,83;5,31;1020,75;100,6;2,04;0,193;0,069;0,066;122,6;397,9;9,3;7,9;17,1;3;4,17;64,36;24,66;10,98;0,45;3;54;17;0,03;24,9;21;94;9;0;0;0;0;0;0;0;0;1;0;0;0;0,736;0;0,0226;0,0798;0,0464;0,0176;0,0976;0;0;0;1181;0,9536;94;0;0;13;0;0;0;0;0;0;0;0;0;0;0;0;1;0;0;0;0;0;0
13256;T ;LSP001;2006-09-28;3,7;2006;271;46,13028;-73,11333;1;100;1,17;1,23;0,71;1,16;0,02;0,09;0,17;-0,26;-0,94;-0,82;4;3;5;29,9;46,8;7,99;8,32;1,52;335;20,9;0,69;0,111;0,052;0,048;24,1;152,5;6;7,4;15;1;6,34;24,4;57,74;17,86;0,77;3;60;31;0,06;35;22,4;122;9;0;0;0;0;0;0;0;0;1;0;0;0;0,7357;0;0,0224;0,0851;0,0458;0,0174;0,0936;0;0;0;2549;1,5206;75,5;38;0;13;0;0;0;0;0;0;0;0;0;0;0;0;1;0;0;0;0;0;0
13255;R;LSP002;2006-09-28;3,7;2006;271;46,14833333;-73,05888889;1;100;1,17;1,23;0,71;1,16;0,02;0,09;0,17;-0,26;-0,94;-0,82;4;3;5;29,9;41,04;5,25;5,29;3,5;408,3;58,3;0,38;0,102;0,026;0,023;34,3;124,3;9,3;7,6;17,1;3;5,31;50,57;20,8;28,63;0,84;2;53;21;0,043;26,9;17;84;8;0;0;0;0;0;0;0;1;0;0;0;0,0009;0,2343;0;0,0524;0,2385;0,0882;0,104;0,0825;0,1851;0,0052;0,0087;2811;1,1747;88;0;0;14;0;0;0;0;0;0;0;0;0;0;0;0;0;1;0;0;0;0;0
13257;T ;LSP003;2006-09-28;3,7;2006;271;46,15861;-73,0225;0;100;1,17;1,23;0,71;1,16;0,02;0,09;0,17;-0,26;-0,94;-0,82;4;3;6;29,9;43,78;5,35;5,56;4,34;398,1;35,1;0,4;0,107;0,028;0,025;33,2;123,8;9,7;7,4;16,4;2;6,63;7,74;74,85;17,41;0,19;5;95;59;0,07;54;41,9;191;10;0;0;0;0;0;0;0;0;0;1;0;0;0,8042;0;0,0164;0,0684;0,0295;0,0156;0,066;0;0;0;914;0,7741;75,5;38;0;0;0;0;0;0;0;0;0;0;0;0;0;0;0;0;0;0;0;0;0
13258;R;LSP004;2006-09-27;3,7;2006;300;46,14888889;-72,99222222;0;0;1,17;1,23;0,71;1,16;0,01;0,09;0,15;-0,26;-0,94;-0,82;4;3;6;29,9;62,96;3,92;3,92;1,35;23,1;1,5;0,015;0,01;0,005;0,005;0,7;214,5;9,9;7,7;16,4;2;4,6;42,33;55,73;1,94;0,49;2;40;8;0,02;15,5;14,2;56;9;0;0;0;0;0;0;0;0;1;0;0;0;0,4017;0;0,0004;0,4482;0,0626;0,0374;0,0497;0;0;0;1387;1,4015;83;12,5;88;8;0;0;0;0;0;0;0;1;0;0;0;0;0;0;0;0;0;0;0
13259;R;LSP005;2006-09-27;3,7;2006;270;46,13611111;-73,01055556;0;0;1,17;1,23;0,71;1,16;0,01;0,09;0,15;-0,26;-0,94;-0,82;4;3;5;29,9;58,82;4,47;4,47;2,55;47;5,1;0,015;0,023;0,014;0,005;2,8;200,8;9,9;8,1;16,5;3;3,69;85,02;11,09;3,89;1,18;3;35;12;0,052;17,7;17,1;57;7;0;0;0;0;0;0;1;0;0;0;0;0;0,0785;0;0,0095;0,6275;0,1085;0,0799;0,096;0;0;0;1432;1,4834;86;12,5;75,5;17;0;0;0;0;0;0;0;0;0;0;0;0;0;0;0;0;1;0;0
13260;T ;LSP006;2006-09-27;3,7;2006;270;46,11889;-73,02806;1;100;1,17;1,23;0,71;1,16;0,01;0,09;0,15;-0,26;-0,94;-0,82;4;3;5;29,9;58,5;3,86;3,87;2,94;151,3;11;0,21;0,032;0,015;0,011;10,9;202,3;9,3;8,8;17,9;2;6,09;17,27;70,4;12,33;0,6;5;94;67;0,16;43,3;49,2;225;10;0;0;0;0;0;0;0;0;0;1;0;0;0,7709;0;0,0178;0,085;0,0366;0,0158;0,0739;0;0;0;1085;0,8609;0;0;88;6;0;0;0;0;0;1;0;0;0;0;0;0;0;0;0;0;0;0;0
13261;T ;LSP007;2006-09-27;3,7;2006;270;46,09972;-73,07472;1;100;1,17;1,23;0,71;1,16;0,01;0,09;0,15;-0,26;-0,94;-0,82;4;3;5;29,9;45,81;4,65;4,79;2,7;373,1;39,5;0,25;0,055;0,023;0,02;28,9;134,8;8,1;7,7;17,4;2;6,86;10,84;67,07;22,09;0,05;6;108;77;0,22;48;70,4;256;10;0;0;0;0;0;0;0;0;0;1;0;0;0,7553;0;0,0195;0,0898;0,0406;0,0162;0,0787;0;0;0;1138;0,902;38;0;0;6;0;0;0;0;0;1;0;0;0;0;0;0;0;0;0;0;0;0;0
13262;T ;LSP008;2006-09-27;3,7;2006;270;46,09833;-73,05861;0;100;1,17;1,23;0,71;1,16;0,01;0,09;0,15;-0,26;-0,94;-0,82;4;3;5;29,9;47,42;4,72;4,62;5,52;173,5;8,7;0,23;0,037;0,019;0,015;11;168,5;11,9;9,1;15,2;2;5,59;33,21;59,2;7,59;1,56;5;93;76;0,12;35,1;69,2;233;9;0;0;0;0;0;0;0;0;1;0;0;0;0,6407;0;0,0262;0,1212;0,0453;0,0277;0,1388;0;0;0;2010;1,1501;0;0;88;15;0;0;0;0;0;0;0;0;0;0;0;0;0;0;1;0;0;0;0
13263;R ;LSP009;2006-09-26;3,7;2006;269;46,07972222;-73,03305556;1;100;1,17;1,23;0,71;1,16;-0,01;0,11;0,14;-0,26;-0,94;-0,82;4;3;5;29,9;74,23;3,01;3,03;2,1;263;85,3;0,23;0,121;0,011;0,01;26,3;252,6;9,2;8,1;15,9;3;4,58;70,49;23,69;5,83;0,77;3;52;20;0,024;25,1;16,3;67;11;0;0;0;0;0;0;0;0;0;0;1;0,0005;0,4484;0;0;0,0795;0,1327;0,1604;0,1421;0,0252;0,0106;0,0007;1811;1,4146;12,5;0;12,5;14;0;0;0;0;0;0;0;0;0;0;0;0;0;1;0;0;0;0;0
13264;T ;LSP010;2006-09-26;3,7;2006;269;46,06;-73,04028;1;100;1,17;1,23;0,71;1,16;-0,01;0,11;0,14;-0,26;-0,94;-0,82;4;3;5;29,9;75,74;2,72;2,82;21,85;563,7;104,2;0,19;0,128;0,014;0,012;57;256,7;9,5;8,2;15,8;1;9,22;3;29,46;67,54;0,7;5;115;33;0,02;60,1;15,6;110;9;0;0;0;0;0;0;0;0;1;0;0;0;0,6851;0;0,0212;0,1009;0,0401;0,0249;0,1277;0;0;0;1703;1,0562;0;0;0;15;0;0;0;0;0;0;0;0;0;0;0;0;0;0;1;0;0;0;0
13265;R;LSP011;2006-09-26;3,7;2006;269;46,10388889;-72,98416667;1;100;1,17;1,23;0,71;1,16;-0,01;0,11;0,14;-0,26;-0,94;-0,82;4;3;5;29,9;74,05;2,86;2,88;2,52;77,6;16,3;0,22;0,033;0,01;0,005;7;254,3;9,7;8,4;16,9;3;3,87;84,69;12,4;2,91;0,5;2;47;9;0,01;16,9;13,5;56;11;0;0;0;0;0;0;0;0;0;0;1;0;0,8321;0,0017;0;0,0994;0,0486;0,0181;0,0001;0;0;0;1725;1,06;88;0;0;14;0;0;0;0;0;0;0;0;0;0;0;0;0;1;0;0;0;0;0
13266;R;LSP012;2006-10-03;3,7;2006;276;46,12611111;-72,93611111;0;0;1,17;1,23;0,71;1,16;0,06;0,24;0,33;-0,26;-0,94;-0,82;4;3;7;29,9;90,43;3,84;3,89;13,5;140,41;6,7;0,015;0,033;0,012;0,005;7,4;301,2;10,3;7,6;14,4;3;3,46;95,81;2,2;2;0,21;1;41;6;0,01;16,2;16,4;36;8;0;0;0;0;0;0;0;1;0;0;0;0;0,6686;0,0109;0;0,216;0,0499;0,0368;0,0177;0;0;0;4528;1,8793;88;0;0;13;0;0;0;0;0;0;0;0;0;0;0;0;1;0;0;0;0;0;0
13267;R;LSP013;2006-10-03;3,7;2006;276;46,12166667;-72,90361111;0;100;1,17;1,23;0,71;1,16;0,06;0,24;0,33;-0,26;-0,94;-0,82;4;3;7;29,9;78,05;5,76;5,9;3,09;55;1,5;0,015;0,018;0,011;0,005;3,3;255,8;10,1;7,6;14,8;3;4,82;54,3;42,83;2,87;1,88;5;51;37;0,072;29,3;17,8;100;7;0;0;0;0;0;0;1;0;0;0;0;0,0001;0,2455;0,0285;0;0,4065;0,0224;0,0112;0,285;0,0009;0;0;5041;1,2044;63;0;0;3;0;0;1;0;0;0;0;0;0;0;0;0;0;0;0;0;0;0;0
13268;R;LSP014;2006-10-03;3,7;2006;276;46,13416667;-72,87111111;0;100;1,17;1,23;0,71;1,16;0,06;0,24;0,33;-0,26;-0,94;-0,82;4;3;7;29,9;74,56;6,3;6,36;12,66;295,74;10;0,42;0,038;0,014;0,005;24,4;243,2;9,9;7,9;14,4;3;2,92;93,88;5,19;0,93;0,59;3;65;9;0,015;25;11,5;78;7;0;0;0;0;0;0;1;0;0;0;0;0,0001;0,6151;0,0023;0;0,1908;0,0308;0,0239;0,1151;0,0195;0,0001;0,0023;3149;1,4693;78;0;0;13;0;0;0;0;0;0;0;0;0;0;0;0;1;0;0;0;0;0;0
13269;R;LSP015;2006-10-03;3,7;2006;276;46,1375;-72,84388889;0;100;1,17;1,23;0,71;1,16;0,06;0,24;0,33;-0,26;-0,94;-0,82;4;3;7;29,9;79,84;5,97;6,16;3,03;38,76;1,5;0,015;0,02;0,011;0,005;1,3;259,8;9,8;7,6;15,2;3;2,79;98,08;0,96;0,96;0,17;6;48;8;0,01;48,1;16,3;70;9;0;0;0;0;0;0;0;0;1;0;0;0;0,4194;0;0;0,2477;0,0335;0,0414;0,258;0;0;0;2459;1,1478;88;0;0;13;0;0;0;0;0;0;0;0;0;0;0;0;1;0;0;0;0;0;0
13270;R;LSP016;2006-10-03;3,7;2006;276;46,14527778;-72,825;0;100;1,17;1,23;0,71;1,16;0,06;0,24;0,33;-0,26;-0,94;-0,82;4;3;7;29,9;76,13;5,89;6,1;7,23;56,73;10,3;0,18;0,028;0,01;0,005;4;256,2;9,4;7,9;14,4;3;2,87;97,65;1,37;0,98;0,19;4;88;10;0,01;41,5;12,4;71;9;0;0;0;0;0;0;0;0;1;0;0;0;0,4613;0;0;0,3456;0,0408;0,0335;0,1189;0;0;0;1852;1,5494;70;0;0;13;0;0;0;0;0;0;0;0;0;0;0;0;1;0;0;0;0;0;0
13271;T;LSP017;2006-10-19;3,7;2006;292;46,14528;-72,80444;0;100;1,17;1,23;0,71;1,16;0,13;0;-0,08;-0,26;-0,94;-0,82;4;3;7;29,9;108,2;7,38;8,1;37,62;88;3,9;0,015;0,037;0,013;0,005;2,1;312,1;9,6;7,4;11,4;3;4,15;72,35;22,72;4,94;1,02;4;50;16;0,31;39,9;13,6;74;9;0;0;0;0;0;0;0;0;1;0;0;0;0,6835;0;0,0215;0,1021;0,0405;0,0249;0,1275;0;0;0;1394;0,8693;90;0;0;15;0;0;0;0;0;0;0;0;0;0;0;0;0;0;1;0;0;0;0
13272;R;LSP018;2006-10-19;3,7;2006;292;46,15277778;-72,78666667;0;100;1,17;1,23;0,71;1,16;0,13;0;-0,08;-0,26;-0,94;-0,82;4;3;7;29,9;77;6,03;6,36;18,47;67;1,5;0,015;0,041;0,005;0,005;2,6;244,9;11,1;7,5;10,8;1;2,83;97,86;1,17;0,97;0,11;2,5;23;9;0,257;20;2;53;9;0;0;0;0;0;0;0;0;1;0;0;0;0,031;0;0;0,8611;0,0391;0,0442;0,0246;0;0;0;371;0,6136;90;0;0;18;0;0;0;0;0;0;0;0;0;0;0;0;0;0;0;0;0;1;0
13274;R;LSP019;2006-10-19;3,7;2006;292;46,16444444;-72,76111111;0;100;1,17;1,23;0,71;1,16;0,13;0;-0,08;-0,26;-0,94;-0,82;4;3;7;22,9;92,6;5,81;6,21;11,48;48;1,5;0,015;0,02;0,01;0,005;1,1;294,6;10,6;7,4;11,2;1;2,83;97,86;1,17;0,97;0,86;4;80;40;0,01;50;9;88;9;0;0;0;0;0;0;0;0;1;0;0;0,0003;0,0147;0;0;0,7603;0,1286;0,0435;0,0098;0,0387;0,0017;0,0023;862;0,9922;90;12,5;0;18;0;0;0;0;0;0;0;0;0;0;0;0;0;0;0;0;0;1;0
13275;R;LSP020;2006-10-05;3,7;2006;278;46,22805556;-72,66666667;0;100;1,17;1,23;0,71;1,16;0,08;0,26;0,38;-0,26;-0,94;-0,82;4;3;7;29,9;116,04;6,92;6,93;5,24;80,31;4,6;0,015;0,023;0,013;0,005;6,5;233,8;7;7,7;12,6;3;2,97;83,97;12,02;4,01;0,96;2;30;12;0,016;23,9;12,9;40;9;0;0;0;0;0;0;0;0;1;0;0;0,0001;0,4407;0;0;0,1323;0,203;0,0879;0,1312;0,0027;0,0019;0,0001;1054;1,3123;88;0;0;13;0;0;0;0;0;0;0;0;0;0;0;0;1;0;0;0;0;0;0
13276;T ;LSP021;2006-10-05;3,7;2006;278;46,23056;-72,64889;0;100;1,17;1,23;0,71;1,16;0,08;0,26;0,38;-0,26;-0,94;-0,82;4;3;7;29,9;97,99;7,03;7,26;8,53;223;13;0,015;0,064;0,027;0,021;11,2;269,6;10,5;7,8;11,8;2;5,82;33,66;52,48;13,86;0,29;3;58;25;0,03;41;19,3;93;9;0;0;0;0;0;0;0;0;1;0;0;0;0,7403;0;0,0141;0,0983;0,0353;0,0222;0,0899;0;0;0;1501;0,9297;12,5;0;0;15;0;0;0;0;0;0;0;0;0;0;0;0;0;0;1;0;0;0;0
13277;T ;LSP023;2006-10-05;3,7;2006;278;46,24361;-72,66306;0;100;1,17;1,23;0,71;1,16;0,08;0,26;0,38;-0,26;-0,94;-0,82;4;3;7;29,9;83,44;5,46;5,98;6,41;202,19;14,2;0,03;0,091;0,021;0,005;15,6;269,9;10,8;7,8;12,3;3;3,59;80,08;17,02;2,9;0,3;2;28;9;0,01;16,4;12,5;41;9;0;0;0;0;0;0;0;0;1;0;0;0;0,6361;0;0,0266;0,1258;0,046;0,028;0,1374;0;0;0;2042;1,1596;38;0;0;13;0;0;0;0;0;0;0;0;0;0;0;0;1;0;0;0;0;0;0
13278;T ;LSP024;2006-10-16;3,7;2006;289;46,28417;-72,68694;0;40;1,17;1,23;0,71;1,16;-0,06;-0,19;-0,17;-0,26;-0,94;-0,82;4;3;6;29,9;36,53;5,58;5,73;4,99;1080;99,8;1,73;0,161;0,022;0,019;85,8;201,9;11,9;7,8;8,7;3;2,5;91,78;6,21;2;0,11;1;7;3;0,14;5,9;13,2;29;9;0;0;0;0;0;0;0;0;1;0;0;0;0,6361;0;0,0266;0,1258;0,046;0,028;0,1374;0;0;0;2042;1,1596;0;0;0;13;0;0;0;0;0;0;0;0;0;0;0;0;1;0;0;0;0;0;0
13279;T ;LSP025;2006-10-16;3,7;2006;289;46,29139;-72,72139;0;60;1,17;1,23;0,71;1,16;-0,06;-0,19;-0,17;-0,26;-0,94;-0,82;4;3;6;29,9;47,01;6,07;6,45;10,26;1682;247,8;0,53;0,528;0,028;0,021;151;263;10,1;7,6;8,5;3;6,04;46,41;28,69;24,9;0,11;2;65;19;0,1;31,8;14;74;7;0;0;0;0;0;0;1;0;0;0;0;0;0,6168;0,0193;0;0,1934;0,0714;0,012;0,0871;0;0;0;1104;1,1461;38;0;0;12;0;0;0;0;0;0;0;0;0;0;0;1;0;0;0;0;0;0;0
13280;R;LSP026;2006-10-16;3,7;2006;289;46,27638889;-72,76055556;0;100;1,17;1,23;0,71;1,16;-0,06;-0,19;-0,17;-0,26;-0,94;-0,82;4;3;6;29,9;32,48;5,3;5,56;4,66;1438;116,7;0,5;0,211;0,042;0,033;110,5;142,7;9,7;7,6;8,7;2;5,36;42,58;51,56;5,86;0,66;2;35;12;0,17;17;14,3;75;10;0;0;0;0;0;0;0;0;0;1;0;0,0006;0,5374;0;0,02;0,029;0,1842;0,0527;0,1113;0,0545;0,0001;0,0101;7499;1,6186;60;0;0;13;0;0;0;0;0;0;0;0;0;0;0;0;1;0;0;0;0;0;0
13281;R;LSP027;2006-10-02;3,7;2006;275;46,26666667;-72,79222222;0;0;1,17;1,23;0,71;1,16;0,1;0,21;0,31;-0,26;-0,94;-0,82;4;3;6;29,9;29,94;5,97;6,05;9,23;734,77;56,1;0,75;0,197;0,034;0,033;70,1;135,7;10,3;7,2;13,2;3;4,28;69,81;25,38;4,81;0,18;1;29;11;0,01;17,6;14;66;10;0;0;0;0;0;0;0;0;0;1;0;0,0008;0,5139;0;0,043;0,007;0,0865;0,013;0,0902;0,2177;0,0086;0,0192;8350;1,7525;63;0;0;13;0;0;0;0;0;0;0;0;0;0;0;0;1;0;0;0;0;0;0
13282;T ;LSP028;2006-10-02;3,7;2006;275;46,25706;-72,81563;0;100;1,17;1,23;0,71;1,16;0,1;0,21;0,31;-0,26;-0,94;-0,82;4;3;6;29,9;31,18;6,3;6,7;13,05;990,28;108,4;1,1;0,485;0,05;0,045;114,7;135,7;10,4;7,5;12,5;2;5,45;28,91;63,17;7,92;3,06;2;43;18;0,01;25,6;15,6;95;8;0;0;0;0;0;0;0;1;0;0;0;0;0,3903;0;0,0343;0,1857;0,1511;0,1494;0,0892;0;0;0;6012;1,5807;83;0;0;14;0;0;0;0;0;0;0;0;0;0;0;0;0;1;0;0;0;0;0
13283;R;LSP029;2006-10-02;3,7;2006;275;46,2475;-72,86305556;0;100;1,17;1,23;0,71;1,16;0,1;0,21;0,31;-0,26;-0,94;-0,82;4;3;6;29,9;17,32;6,19;7,08;11,74;518,75;110,9;0,22;0,186;0,03;0,025;43;62,8;10,6;7,3;12,9;3;4,85;53,01;39,22;7,77;0,5;1;27;9;0,01;14,2;16,4;57;9;0;0;0;0;0;0;0;0;1;0;0;0;0,4846;0;0,0304;0,2182;0,1055;0,0431;0,1182;0;0;0;1599;1,3052;75,5;0;0;3;0;0;1;0;0;0;0;0;0;0;0;0;0;0;0;0;0;0;0
13284;R;LSP030;2006-10-02;3,7;2006;275;46,23361111;-72,89944444;0;100;1,17;1,23;0,71;1,16;0,1;0,21;0,31;-0,26;-0,94;-0,82;4;3;6;29,9;16,11;6,11;6,68;10,78;205,8;45,3;0,2;0,116;0,02;0,02;49,5;60,1;10,8;7,5;12,3;1;4,95;56,37;38,01;5,62;0,45;2;31;12;0,01;17,7;15,2;74;9;0;0;0;0;0;0;0;0;1;0;0;0,0005;0,5084;0;0,0035;0,1603;0,0862;0,0249;0,1713;0,0345;0,0048;0,0057;3027;1,4374;88;0;0;14;0;0;0;0;0;0;0;0;0;0;0;0;0;1;0;0;0;0;0
13287;T ;LSP031;2006-10-02;3,7;2006;275;46,21746;-72,91784;0;100;1,17;1,23;0,71;1,16;0,1;0,21;0,31;-0,26;-0,94;-0,82;4;3;6;29,9;32,71;6,66;7,16;6,12;956,21;88,2;0,7;0,325;0,065;0,058;93,6;97;11;7,8;12,5;3;5,23;57,71;27,26;15,04;1,02;2;38;21;0,01;24,5;17,6;101;8;0;0;0;0;0;0;0;1;0;0;0;0;0,3228;0;0,0143;0,2087;0,191;0,1222;0,141;0;0;0;5901;1,6019;88;0;0;3;0;0;1;0;0;0;0;0;0;0;0;0;0;0;0;0;0;0;0
13122;R;LSP032;2006-09-28;3,7;2006;271;46,16555556;-73,0075;0;100;1,17;1,23;0,71;1,16;0,02;0,09;0,17;-0,26;-0,94;-0,82;4;3;6;29,9;26,01;5,83;6,02;4,66;478,4;57,4;0,27;0,14;0,027;0,024;41,4;81,9;9,5;7,1;18,1;3;5,69;44,56;39,31;16,13;0,78;2;36;16;0,01;20,9;17,3;87;8;0;0;0;0;0;0;0;1;0;0;0;0;0,1815;0;0,013;0,2443;0,1359;0,1457;0,2796;0;0;0;2108;1,2656;88;12,5;0;10;0;0;0;0;0;0;0;0;0;1;0;0;0;0;0;0;0;0;0
13343;R;LSP011;2007-10-02;3,7;2007;275;46,10583333;-72,98138889;1;100;1,35;1,17;0,21;0,09;-0,09;0;0,13;0,66;1,25;1,61;4;3;5;31;76,3;2,93;2,93;1,36;46;5,5;0,15;0,019;0,011;0,007;4;264;9,9;8,1;18,5;2;3,93;88,21;9,82;1,96;0,12;1;33;4;0,018;13,7;12,9;46;11;0;0;0;0;0;0;0;0;0;0;1;0;0,8968;0,0013;0;0,0652;0,0251;0,0114;0,0002;0;0;0;264;0,4293;0;0;15;17;0;0;0;0;0;0;0;0;0;0;0;0;0;0;0;0;1;0;0
13344;R;LSP012;2007-10-02;3,7;2007;275;46,1275;-72,93611111;0;0;1,35;1,17;0,21;0,09;-0,09;0;0,13;0,66;1,25;1,61;4;3;7;31;86,9;4,16;4,24;4,64;214;11,9;0,25;0,057;0,036;0,027;19,8;295;5,95;7,1;16,8;2;3,38;73,5;21,4;5;0,63;2;48;6;0,03;17,2;14,8;55;8;0;0;0;0;0;0;0;1;0;0;0;0;0,7311;0,0095;0;0,1764;0,0376;0,0316;0,0139;0;0;0;730;0,8711;12,5;0;10;14;0;0;0;0;0;0;0;0;0;0;0;0;0;1;0;0;0;0;0
13765;R;LSP014;2007-09-27;3,7;2007;270;46,13916667;-72,925;0;100;1,35;1,17;0,21;0,09;0,2;0,27;0,17;0,66;1,25;1,61;4;3;7;31;65,64;6,49;6,58;4,02;230;22,2;0,17;0,037;0,01;0,003;17,4;229,8;10;8;18,6;2;4,5;72,42;16,67;10,91;0,72;5;56;16;0,04;30,6;15,3;79;7;0;0;0;0;0;0;1;0;0;0;0;0;0,9963;0,0003;0;0,0028;0,0001;0,0005;0;0;0;0;38;0,0273;6;0;6,5;4;0;0;0;1;0;0;0;0;0;0;0;0;0;0;0;0;0;0;0
13346;T ;LSP028;2007-10-01;3,7;2007;274;46,25575;-72,81611;0;100;1,35;1,17;0,21;0,09;-0,07;0,14;0,23;0,66;1,25;1,61;4;3;6;31;34,58;4,42;4,49;3,75;266;63,6;0,21;0,056;0,021;0,015;25;150;10,6;6,9;14,36;2;4,16;89,39;5,7;4,91;0,19;1;19;3;0,021;8,8;14,5;43;7;0;0;0;0;0;0;1;0;0;0;0;0;0,5188;0,0064;0,0016;0,2167;0,1447;0,0834;0,0284;0;0;0;1645;1,3026;0;0;0;2;0;1;0;0;0;0;0;0;0;0;0;0;0;0;0;0;0;0;0
13347;T ;LSP031;2007-10-01;3,7;2007;274;46,21605;-72,91836;0;100;1,35;1,17;0,21;0,09;-0,07;0,14;0,23;0,66;1,25;1,61;4;3;6;31;20,66;4,21;4,22;3,61;231;23,6;0,12;0,051;0,025;0,019;18,6;103;10,76;6,9;15,38;2;4,12;82,6;8,4;9;0,29;1;26;5;0,025;11,7;15;59;10;0;0;0;0;0;0;0;0;0;1;0;0,0012;0,4671;0;0,002;0,0803;0,0622;0,0074;0,0551;0,2516;0,0384;0,0347;1430;1,5364;12,5;0;5;3;0;0;1;0;0;0;0;0;0;0;0;0;0;0;0;0;0;0;0
14656;R;LSP011;2008-09-16;3,7;2008;260;46,10388889;-72,98416667;1;100;0,75;1,58;1,38;0,6;0,07;0,27;0,16;0,11;1,13;1,28;4;3;5;30;77,5;3,08;3,04;1,93;99;55,4;0,21;0,041;0,009;0,006;15;285,4;8,71;8,1;21,9;2;4,27;74,8;22,2;3;0,28;2;42;7;0,01;16,1;13,1;57;11;0;0;0;0;0;0;0;0;0;0;1;0;0,8293;0,0018;0;0,1007;0,0499;0,0183;0,0001;0;0;0;380;0,6211;63;0;0;14;0;0;0;0;0;0;0;0;0;0;0;0;0;1;0;0;0;0;0
14912;R;LSP012;2008-09-16;3,7;2008;260;46,12555556;-72,93722222;0;0;0,75;1,58;1,38;0,6;0,07;0,27;0,16;0,11;1,13;1,28;4;3;7;30;79,4;4,57;4,62;7,46;446;33,6;0,03;0,147;0,032;0,023;50,8;282,1;8,27;7,4;17,5;2;3,84;88,05;9,66;2,3;0,5;1;39;4;0,01;14,4;12,3;49;8;0;0;0;0;0;0;0;1;0;0;0;0;0,6578;0,0101;0;0,2268;0,0523;0,0399;0,0131;0;0;0;840;0,9979;88;0;10;13;0;0;0;0;0;0;0;0;0;0;0;0;1;0;0;0;0;0;0
14919;R;LSP014;2008-09-16;3,7;2008;260;46,13416667;-72,87138889;0;100;0,75;1,58;1,38;0,6;0,07;0,27;0,16;0,11;1,13;1,28;4;3;7;30;64,8;6,24;6,44;6,41;184;29,5;0,42;0,059;0,014;0,007;15,8;231,8;7,9;7,5;18,8;2;3,59;78,86;17,07;4,07;0,19;4;57;10;0,01;30,2;12,1;69;7;0;0;0;0;0;0;1;0;0;0;0;0,0001;0,6169;0,0023;0;0,1899;0,0307;0,0234;0,1141;0,0201;0,0001;0,0023;1287;1,1648;12,5;0;0;14;0;0;0;0;0;0;0;0;0;0;0;0;0;1;0;0;0;0;0
14920;T ;LSP028;2008-09-16;3,7;2008;260;46,25654;-72,8169;0;100;0,75;1,58;1,38;0,6;0,07;0,27;0,16;0,11;1,13;1,28;4;3;6;30;35,3;7,34;7,79;1,93;857;190,9;1,41;0,197;0,048;0,038;93,1;157;9,37;7,1;15,6;1;6,31;27,71;57,71;14,58;0,15;2;43;16;0,01;22,3;14,6;117;9;0;0;0;0;0;0;0;0;1;0;0;0,0009;0,1347;0,0026;0;0,3189;0,3679;0,0109;0,0198;0,1335;0,0055;0,0053;1559;1,4762;5;0;5;14;0;0;0;0;0;0;0;0;0;0;0;0;0;1;0;0;0;0;0
14918;T ;LSP031;2008-09-16;3,7;2008;260;46,21736;-72,91971;0;100;0,75;1,58;1,38;0,6;0,07;0,27;0,16;0,11;1,13;1,28;4;3;6;30;26,9;6,23;6,27;3,96;482;44,6;0,53;0,11;0,039;0,025;57,2;94;10,2;7,4;15,5;2;4,79;71,64;12,61;15,76;0,82;2;35;13;0,01;22,4;40,3;113;7;0;0;0;0;0;0;1;0;0;0;0;0;0,3248;0,0338;0;0,4071;0,0927;0,0417;0,0999;0;0;0;1524;1,4287;73;0;0;15;0;0;0;0;0;0;0;0;0;0;0;0;0;0;1;0;0;0;0
16338;T ;CEAEQ34;2009-09-24;3,7;2009;267;46,16173;-72,98935;1;0;1,02;1,48;0,99;0,54;-0,01;-0,07;-0,08;-0,09;0,04;0,42;4;3;6;34,3;53,18;4,63;4,68;1,78;146;10,9;0,16;0,032;0,016;0,005;93;168;8,16;7,7;17,16;1;5,57;32,44;59,56;8;2,92;5;79;47;0,35;32,7;33,4;155;8;0;0;0;0;0;0;0;1;0;0;0;0;0,4432;0,0065;0;0,0915;0,4136;0,0397;0,0055;0;0;0;911;1,1342;109,5;0;3,5;14;0;0;0;0;0;0;0;0;0;0;0;0;0;1;0;0;0;0;0
16138;R;LSP011;2009-09-24;3,7;2009;267;46,10361111;-72,98444444;1;100;1,02;1,48;0,99;0,54;-0,01;-0,07;-0,08;-0,09;0,04;0,42;4;3;5;34,3;76,34;3,19;3,26;1,72;64;5,2;0,13;0,02;0,018;0,003;6,1;261,1;12,06;8,6;20,63;2;4,36;78,94;17,21;3,85;0,12;2;54;7;0,01;16,4;14,4;52;11;0;0;0;0;0;0;0;0;0;0;1;0;0,8202;0,0018;0;0,1051;0,0531;0,0197;0,0001;0;0;0;415;0,6449;38;0;0;14;0;0;0;0;0;0;0;0;0;0;0;0;0;1;0;0;0;0;0
16289;R;LSP012;2009-09-23;3,7;2009;266;46,12555556;-72,93722222;0;0;1,02;1,48;0,99;0,54;-0,03;-0,07;-0,08;-0,09;0,04;0,42;4;3;7;34,3;89,67;4,25;4,39;2,45;175;13,2;0,02;0,055;0,024;0,008;17,3;280,5;8,25;7,7;19,33;2;4,62;59,44;33,56;7;0,18;4;92;6;0,01;35,4;12,7;53;8;0;0;0;0;0;0;0;1;0;0;0;0;0,6578;0,0101;0;0,2268;0,0523;0,0399;0,0131;0;0;0;840;0,9979;88;0;10;13;0;0;0;0;0;0;0;0;0;0;0;0;1;0;0;0;0;0;0
16285;R;LSP014;2009-09-23;3,7;2009;266;46,13416667;-72,87138889;0;100;1,02;1,48;0,99;0,54;-0,03;-0,07;-0,08;-0,09;0,04;0,42;4;3;7;34,3;78,54;6,85;7,51;4,96;87;5,3;0,36;0,033;0,011;0,004;8,5;282;7,54;6,7;17,8;3;4;87,46;5,54;7;1,05;3;42;14;0,01;17,5;17,7;59;7;0;0;0;0;0;0;1;0;0;0;0;0,0001;0,6169;0,0023;0;0,1899;0,0307;0,0234;0,1141;0,0201;0,0001;0,0023;1287;1,1648;12,5;0;0;14;0;0;0;0;0;0;0;0;0;0;0;0;0;1;0;0;0;0;0
16143;T ;LSP028;2009-09-23;3,7;2009;266;46,25653;-72,8169;0;100;1,02;1,48;0,99;0,54;-0,03;-0,07;-0,08;-0,09;0,04;0,42;4;3;6;34,3;32,71;4,16;4,4;14,94;313;98,3;0,28;0,127;0,021;0,006;49,4;151;8,96;6,5;17,42;2;4,71;60,8;33,2;6;2,73;4;62;6;0,01;19,2;12,9;101;9;0;0;0;0;0;0;0;0;1;0;0;0;0,0776;0;0;0,6452;0,082;0,0838;0,1113;0;0;0;831;0,9745;5;0;0;18;0;0;0;0;0;0;0;0;0;0;0;0;0;0;0;0;0;1;0
16137;T ;LSP031;2009-09-23;3,7;2009;266;46,21737;-72,9197;0;100;1,02;1,48;0,99;0,54;-0,03;-0,07;-0,08;-0,09;0,04;0,42;4;3;6;34,3;19,23;3,9;4,11;6,64;245;29,8;0,08;0,071;0,017;0,007;30,1;93,6;9,04;7;17,01;3;3,97;83,3;8,7;8;0,58;2;23;6;0,01;12,3;16,3;55;11;0;0;0;0;0;0;0;0;0;0;1;0;0,4599;0;0;0;0;0;0;0,4585;0,0492;0,0323;3027;1,4374;73;0;0;0;0;0;0;0;0;0;0;0;0;0;0;0;0;0;0;0;0;0;0
16273;R;CEAEQ36;2009-09-24;3,7;2009;267;46,1766667;-72,9802778;0;100;1,02;1,48;0,99;0,54;-0,01;-0,07;-0,08;-0,09;0,04;0,42;4;3;6;34,3;36,7;5,47;5,74;3,88;213;14,3;0,21;0,05;0,04;0,009;19,6;132;8,17;7,4;16,68;2;5,09;54,34;37,66;8;1,44;4;59;29;0,22;25,6;40,1;124;8;0;0;0;0;0;0;0;1;0;0;0;0;0,4661;0;0,0111;0,2992;0,1636;0,0423;0,0177;0;0;0;3039;1,268;63;0;0;15;0;0;0;0;0;0;0;0;0;0;0;0;0;0;1;0;0;0;0
